[
  {
    "value": "서울한화콘도",
    "synonyms": [
      "서울한화콘도",
      "서울",
      "서울한화",
      "서울한화리조트",
      "서울한화호텔",
      "서울콘도",
      "서울호텔",
      "서울리조트"
    ]
  },
  {
    "value": "제주신화콘도",
    "synonyms": [
      "제주신화콘도",
      "제주",
      "제주신화",
      "제주신화월드",
      "제주신화호텔",
      "제주신화리조트",
      "제주신화월드콘도",
      "제주신화월드호텔",
      "제주신화월드리조트",
      "제주호텔",
      "제주리조트",
      "제주콘도"
    ]
  },
  {
    "value": "강원롯데콘도",
    "synonyms": [
      "강원롯데콘도",
      "강원",
      "강원롯데",
      "속초롯데콘도",
      "속초",
      "속초롯데",
      "강원롯데리조트",
      "속초롯데리조트",
      "강원롯데호텔",
      "속초롯데호텔",
      "속초호텔",
      "속초리조트",
      "속초콘도"
    ]
  }
]