[
  {
    "id": "43e70040-10f6-41f2-bf35-a0d076186513",
    "data": [
      {
        "text": "미신청",
        "meta": "@breakfast",
        "alias": "breakfast",
        "userDefined": true
      }
    ],
    "isTemplate": false,
    "count": 0,
    "lang": "ko",
    "updated": 0
  },
  {
    "id": "5efe6132-1a29-46f4-b1a3-06d0e15233b9",
    "data": [
      {
        "text": "신청",
        "meta": "@breakfast",
        "alias": "breakfast",
        "userDefined": true
      }
    ],
    "isTemplate": false,
    "count": 0,
    "lang": "ko",
    "updated": 0
  },
  {
    "id": "17628e67-099c-4d74-99d1-96073acfec49",
    "data": [
      {
        "text": "응",
        "meta": "@breakfast",
        "alias": "breakfast",
        "userDefined": true
      }
    ],
    "isTemplate": false,
    "count": 0,
    "lang": "ko",
    "updated": 0
  },
  {
    "id": "b516a421-3d0c-4cda-8e7b-4a7808516f11",
    "data": [
      {
        "text": "아니",
        "meta": "@breakfast",
        "alias": "breakfast",
        "userDefined": true
      }
    ],
    "isTemplate": false,
    "count": 0,
    "lang": "ko",
    "updated": 0
  },
  {
    "id": "e5a1508a-1bb9-449a-b11b-d2ef4ac2f902",
    "data": [
      {
        "text": "네",
        "meta": "@breakfast",
        "alias": "breakfast",
        "userDefined": true
      }
    ],
    "isTemplate": false,
    "count": 0,
    "lang": "ko",
    "updated": 0
  },
  {
    "id": "ce10da6a-3268-4d3b-a46c-6640ad1bb473",
    "data": [
      {
        "text": "아니오",
        "meta": "@breakfast",
        "alias": "breakfast",
        "userDefined": true
      }
    ],
    "isTemplate": false,
    "count": 0,
    "lang": "ko",
    "updated": 0
  },
  {
    "id": "2f5d7360-4d90-4092-ae07-cb110aabc6a8",
    "data": [
      {
        "text": "예",
        "meta": "@breakfast",
        "alias": "breakfast",
        "userDefined": true
      }
    ],
    "isTemplate": false,
    "count": 0,
    "lang": "ko",
    "updated": 0
  }
]