[
  {
    "id": "8cfa27e7-8b10-42b9-a011-edda3d7fe483",
    "data": [
      {
        "text": "글피",
        "meta": "@sys.date-time",
        "alias": "date-time",
        "userDefined": false
      }
    ],
    "isTemplate": false,
    "count": 0,
    "lang": "ko",
    "updated": 0
  },
  {
    "id": "54d335eb-c619-4508-ab44-d17416e9736d",
    "data": [
      {
        "text": "내일",
        "meta": "@sys.date-time",
        "alias": "date-time",
        "userDefined": false
      }
    ],
    "isTemplate": false,
    "count": 0,
    "lang": "ko",
    "updated": 0
  },
  {
    "id": "88ad2d9a-9da5-417d-838b-2adc661b6efd",
    "data": [
      {
        "text": "모레",
        "meta": "@sys.date-time",
        "alias": "date-time",
        "userDefined": false
      }
    ],
    "isTemplate": false,
    "count": 0,
    "lang": "ko",
    "updated": 0
  },
  {
    "id": "6c0661a7-29eb-411b-b671-93c9532ff50d",
    "data": [
      {
        "text": "내일",
        "meta": "@sys.date-time",
        "alias": "date-time",
        "userDefined": false
      },
      {
        "text": " 출발",
        "userDefined": false
      }
    ],
    "isTemplate": false,
    "count": 0,
    "lang": "ko",
    "updated": 0
  },
  {
    "id": "c35dfa22-0a2b-485a-82cf-c0fc7d5c43cb",
    "data": [
      {
        "text": "모레",
        "meta": "@sys.date-time",
        "alias": "date-time",
        "userDefined": false
      },
      {
        "text": " 체크인",
        "userDefined": false
      }
    ],
    "isTemplate": false,
    "count": 0,
    "lang": "ko",
    "updated": 0
  },
  {
    "id": "8cf0b8ee-4690-4b8d-8462-6bae6fd1d31c",
    "data": [
      {
        "text": "8월 4일",
        "meta": "@sys.date-time",
        "alias": "date-time",
        "userDefined": false
      },
      {
        "text": "이야",
        "userDefined": false
      }
    ],
    "isTemplate": false,
    "count": 0,
    "lang": "ko",
    "updated": 0
  },
  {
    "id": "e260bbc4-d02a-4c73-b699-6d6024721c0d",
    "data": [
      {
        "text": "2021년 8월 3일",
        "meta": "@sys.date-time",
        "alias": "date-time",
        "userDefined": false
      },
      {
        "text": "요",
        "userDefined": false
      }
    ],
    "isTemplate": false,
    "count": 0,
    "lang": "ko",
    "updated": 0
  }
]