[
  {
    "id": "b0ff711f-6200-41ba-892a-c8eb9aab700e",
    "data": [
      {
        "text": "서울호텔",
        "meta": "@condo_name",
        "alias": "condo_name",
        "userDefined": false
      },
      {
        "text": "로",
        "userDefined": false
      },
      {
        "text": " ",
        "userDefined": false
      },
      {
        "text": "해주세요",
        "userDefined": false
      }
    ],
    "isTemplate": false,
    "count": 0,
    "lang": "ko",
    "updated": 0
  },
  {
    "id": "3b366e36-1dc8-408a-ab5b-d32c4ba8dc58",
    "data": [
      {
        "text": "제주신화리조트",
        "meta": "@condo_name",
        "alias": "condo_name",
        "userDefined": false
      },
      {
        "text": "요",
        "userDefined": false
      }
    ],
    "isTemplate": false,
    "count": 0,
    "lang": "ko",
    "updated": 0
  },
  {
    "id": "e2231acf-9de0-4b1f-86ab-4b931997f14a",
    "data": [
      {
        "text": "강원콘도",
        "meta": "@condo_name",
        "alias": "condo_name",
        "userDefined": false
      },
      {
        "text": "로",
        "userDefined": false
      },
      {
        "text": " 부탁해",
        "userDefined": false
      }
    ],
    "isTemplate": false,
    "count": 0,
    "lang": "ko",
    "updated": 0
  },
  {
    "id": "c1b2d108-cac5-49b4-a7b6-5b15cf270aed",
    "data": [
      {
        "text": "서울한화콘도",
        "meta": "@condo_name",
        "alias": "condo_name",
        "userDefined": false
      },
      {
        "text": "로",
        "userDefined": false
      },
      {
        "text": " 해줘",
        "userDefined": false
      }
    ],
    "isTemplate": false,
    "count": 0,
    "lang": "ko",
    "updated": 0
  }
]