[
  {
    "id": "f5a60157-f1ad-4e81-94b4-95561be7956d",
    "data": [
      {
        "text": "ㄱ",
        "userDefined": false
      }
    ],
    "isTemplate": false,
    "count": 0,
    "lang": "ko",
    "updated": 0
  },
  {
    "id": "d8714442-396d-46e5-bd39-7453b4fda348",
    "data": [
      {
        "text": "ㄱㄱ",
        "userDefined": false
      }
    ],
    "isTemplate": false,
    "count": 0,
    "lang": "ko",
    "updated": 0
  },
  {
    "id": "9d404ee2-53d6-4761-a7bc-345ca7909781",
    "data": [
      {
        "text": "시작할래",
        "userDefined": false
      }
    ],
    "isTemplate": false,
    "count": 0,
    "lang": "ko",
    "updated": 0
  },
  {
    "id": "0b840f7a-382f-4604-a714-f9db39037c55",
    "data": [
      {
        "text": "Hi",
        "userDefined": false
      }
    ],
    "isTemplate": false,
    "count": 1,
    "lang": "ko",
    "updated": 0
  },
  {
    "id": "10ee8fdb-880b-4789-af87-8ef5bdd4765d",
    "data": [
      {
        "text": "헬로",
        "userDefined": false
      }
    ],
    "isTemplate": false,
    "count": 1,
    "lang": "ko",
    "updated": 0
  },
  {
    "id": "635e5e60-d9e2-4962-91ea-97671a55010a",
    "data": [
      {
        "text": "반갑습니다",
        "userDefined": false
      }
    ],
    "isTemplate": false,
    "count": 0,
    "lang": "ko",
    "updated": 0
  },
  {
    "id": "8fce11d6-fa1a-418f-a180-4585fcd6e597",
    "data": [
      {
        "text": "하이",
        "userDefined": false
      },
      {
        "text": "!",
        "userDefined": false
      }
    ],
    "isTemplate": false,
    "count": 0,
    "lang": "ko",
    "updated": 0
  },
  {
    "id": "9e86bb3f-c0f2-4ba8-a6ca-521f3e162f19",
    "data": [
      {
        "text": "하이",
        "userDefined": false
      },
      {
        "text": "~",
        "userDefined": false
      }
    ],
    "isTemplate": false,
    "count": 0,
    "lang": "ko",
    "updated": 0
  },
  {
    "id": "345613de-5bd7-4fef-a1e8-6091a7585346",
    "data": [
      {
        "text": "하이",
        "userDefined": false
      }
    ],
    "isTemplate": false,
    "count": 0,
    "lang": "ko",
    "updated": 0
  },
  {
    "id": "78329784-d6cb-42be-9b45-28b179a9ad9d",
    "data": [
      {
        "text": "반가워~",
        "userDefined": false
      }
    ],
    "isTemplate": false,
    "count": 0,
    "lang": "ko",
    "updated": 0
  },
  {
    "id": "1a95a22f-c760-43b2-85c2-9798c5e89f54",
    "data": [
      {
        "text": "안녕",
        "userDefined": false
      },
      {
        "text": "~",
        "userDefined": false
      }
    ],
    "isTemplate": false,
    "count": 0,
    "lang": "ko",
    "updated": 0
  },
  {
    "id": "cd6626f4-ba68-4603-af80-37b758ca5045",
    "data": [
      {
        "text": "반가워",
        "userDefined": false
      }
    ],
    "isTemplate": false,
    "count": 0,
    "lang": "ko",
    "updated": 0
  },
  {
    "id": "5637b953-7e09-43c2-b798-13f030f0af9e",
    "data": [
      {
        "text": "안녕하세요",
        "userDefined": false
      }
    ],
    "isTemplate": false,
    "count": 0,
    "lang": "ko",
    "updated": 0
  },
  {
    "id": "fd360248-1d37-4693-b892-f61ce5b5aef4",
    "data": [
      {
        "text": "시작",
        "userDefined": false
      }
    ],
    "isTemplate": false,
    "count": 0,
    "lang": "ko",
    "updated": 0
  },
  {
    "id": "284a4af0-f057-47d7-aa67-115f8688ca28",
    "data": [
      {
        "text": "안녕",
        "userDefined": false
      },
      {
        "text": "!",
        "userDefined": false
      }
    ],
    "isTemplate": false,
    "count": 0,
    "lang": "ko",
    "updated": 0
  },
  {
    "id": "9670f10a-7ca5-4af2-8f6a-cc5b1983a81c",
    "data": [
      {
        "text": "안녕",
        "userDefined": false
      }
    ],
    "isTemplate": false,
    "count": 0,
    "lang": "ko",
    "updated": 0
  }
]